{
  "project_info": {
    "project_number": "173232682517",
    "project_id": "mechanickoi-fdb7d",
    "storage_bucket": "mechanickoi-fdb7d.appspot.com"
  },
  "client": [
    {
      "client_info": {
        "mobilesdk_app_id": "1:173232682517:android:0c865cde8557ed9779001c",
        "android_client_info": {
          "package_name": "com.example.mechanic_koi_admin"
        }
      },
      "oauth_client": [
        {
          "client_id": "173232682517-6k0skdrsjlhroiisb4juvvd4qr7bqv2m.apps.googleusercontent.com",
          "client_type": 3
        }
      ],
      "api_key": [
        {
          "current_key": "AIzaSyD3-MJIRSWzQibf7FlQlhORQkYjYexY91g"
        }
      ],
      "services": {
        "appinvite_service": {
          "other_platform_oauth_client": [
            {
              "client_id": "173232682517-6k0skdrsjlhroiisb4juvvd4qr7bqv2m.apps.googleusercontent.com",
              "client_type": 3
            }
          ]
        }
      }
    }
  ],
  "configuration_version": "1"
}